SiteID,CustomerID,SiteName,Province
1,1,"Ellis, Baker and Wright - Robinsonhaven Site",Nunavut
2,1,"Ellis, Baker and Wright - New Johnville Site",Nunavut
3,1,"Ellis, Baker and Wright - Port Steven Site",Ontario
4,2,"Ryan, Burgess and Patterson - Stephaniemouth Site","Prince Edward Island"
5,3,"Ross, Robinson and Bright - Rivasside Site",Nunavut
6,3,"Ross, Robinson and Bright - Lake Michelle Site",Nunavut
7,4,"Snyder, Campos and Callahan - Karenview Site","Yukon Territory"
8,4,"Snyder, Campos and Callahan - Simsview Site",Nunavut
9,4,"Snyder, Campos and Callahan - Lake Justinview Site","Northwest Territories"
10,5,"Burton Ltd - Patricialand Site",Manitoba
11,6,"Carlson-Cruz - East Patrick Site",Manitoba
12,6,"Carlson-Cruz - North Robert Site","Northwest Territories"
13,7,"Ferrell, Rice and Maddox - Perryborough Site","Nova Scotia"
14,8,"Frazier Inc - Steinshire Site",Saskatchewan
15,8,"Frazier Inc - Port Nicoleshire Site","Nova Scotia"
16,8,"Frazier Inc - Smithstad Site","Newfoundland and Labrador"
17,9,"Dyer, Potter and Mack - Castanedachester Site",Ontario
18,9,"Dyer, Potter and Mack - South Jeffrey Site","Nova Scotia"
19,10,"Rodriguez-Graham - Johnsonmouth Site",Quebec
20,11,"Smith-Bowen - Ramseymouth Site",Manitoba
21,11,"Smith-Bowen - South Brittanytown Site","British Columbia"
22,11,"Smith-Bowen - Taylormouth Site",Manitoba
23,12,"Baker, Mason and White - West Nicholasborough Site",Nunavut
24,12,"Baker, Mason and White - Matthewfurt Site","Newfoundland and Labrador"
25,12,"Baker, Mason and White - Kingland Site",Nunavut
26,13,"Harrell LLC - Lake Amberstad Site","New Brunswick"
27,13,"Harrell LLC - Port Susanton Site","Yukon Territory"
28,13,"Harrell LLC - East Jamestown Site","Prince Edward Island"
29,14,"Romero, Gonzalez and Brooks - East David Site",Quebec
30,14,"Romero, Gonzalez and Brooks - New Staciemouth Site",Saskatchewan
31,14,"Romero, Gonzalez and Brooks - Katieburgh Site","Prince Edward Island"
32,15,"Ryan PLC - Port Loriport Site","British Columbia"
33,15,"Ryan PLC - West Barbarafurt Site","Nova Scotia"
34,15,"Ryan PLC - North Brittany Site",Quebec
35,16,"George Group - North Heidi Site","Newfoundland and Labrador"
36,16,"George Group - Port Tonyaton Site","Northwest Territories"
37,16,"George Group - Stanleyland Site",Ontario
38,17,"Rodriguez LLC - Alexanderchester Site",Nunavut
39,17,"Rodriguez LLC - South Susanmouth Site",Saskatchewan
40,17,"Rodriguez LLC - South Gregory Site",Ontario
41,18,"Allen-Allen - Christinaside Site","Yukon Territory"
42,19,"Arroyo, Miller and Tucker - Marshallshire Site","Newfoundland and Labrador"
43,19,"Arroyo, Miller and Tucker - Melissaland Site","Newfoundland and Labrador"
44,20,"Spence PLC - Sanchezmouth Site","Prince Edward Island"
45,20,"Spence PLC - Rogersfort Site","Northwest Territories"
46,21,"Anderson Group - South Jason Site","Yukon Territory"
47,22,"Martin, Rose and Obrien - Matthewview Site",Ontario
48,22,"Martin, Rose and Obrien - New Stacyland Site","New Brunswick"
49,22,"Martin, Rose and Obrien - Freemanbury Site",Saskatchewan
50,23,"Hickman Ltd - Brewerfort Site",Nunavut
51,23,"Hickman Ltd - North Kellyfurt Site",Saskatchewan
52,24,"Harris, Collins and Carney - West Elizabeth Site","Northwest Territories"
53,24,"Harris, Collins and Carney - Transtad Site","Nova Scotia"
54,24,"Harris, Collins and Carney - Michaelmouth Site","Newfoundland and Labrador"
55,25,"Brooks, Lam and Hayes - Johnville Site",Saskatchewan
56,25,"Brooks, Lam and Hayes - West David Site",Ontario
57,26,"Walker LLC - East Javier Site",Nunavut
58,26,"Walker LLC - Jennyhaven Site","Prince Edward Island"
59,26,"Walker LLC - Tinaborough Site","Newfoundland and Labrador"
60,27,"Chapman and Sons - West Harry Site",Alberta
61,28,"Robinson, Jones and Welch - West Brandon Site",Alberta
62,28,"Robinson, Jones and Welch - Heidiberg Site",Quebec
63,28,"Robinson, Jones and Welch - Garciatown Site","Prince Edward Island"
64,29,"Jones Inc - Taylormouth Site","Northwest Territories"
65,29,"Jones Inc - North Johnny Site",Nunavut
66,30,"Jones-Young - Port Cameronfort Site","British Columbia"
67,30,"Jones-Young - East Edwardshire Site","Newfoundland and Labrador"
68,30,"Jones-Young - East Davidchester Site","Prince Edward Island"
69,31,"Washington, Ryan and Cummings - Port Alexandra Site",Nunavut
70,31,"Washington, Ryan and Cummings - Evansshire Site","Nova Scotia"
71,32,"Johnston, Sanchez and Kennedy - Ashleyton Site","Prince Edward Island"
72,32,"Johnston, Sanchez and Kennedy - Port Jaredborough Site","Newfoundland and Labrador"
73,32,"Johnston, Sanchez and Kennedy - East Johnside Site","British Columbia"
74,33,"Lee-Davis - North Ricky Site",Saskatchewan
75,33,"Lee-Davis - Carterbury Site","Newfoundland and Labrador"
76,34,"Gomez-Jenkins - Jacquelinemouth Site","British Columbia"
77,34,"Gomez-Jenkins - West Kristin Site",Quebec
78,35,"Brown, Valdez and Lucas - South Danny Site","New Brunswick"
79,35,"Brown, Valdez and Lucas - West Margaret Site","British Columbia"
80,36,"Powell LLC - East Laurashire Site","Newfoundland and Labrador"
81,36,"Powell LLC - Martinezport Site",Saskatchewan
82,36,"Powell LLC - Benderhaven Site",Ontario
83,37,"Wright and Sons - Kimton Site","Nova Scotia"
84,37,"Wright and Sons - Cassandratown Site","British Columbia"
85,38,"West, Henderson and Ramirez - Lake Mary Site","Prince Edward Island"
86,38,"West, Henderson and Ramirez - Port Emilyview Site","Prince Edward Island"
87,38,"West, Henderson and Ramirez - Port Katelynfort Site",Ontario
88,39,"Baxter Inc - Moonburgh Site","Prince Edward Island"
89,40,"Morton-Chase - Waltersfort Site","British Columbia"
90,41,"Williams PLC - Baileymouth Site","Northwest Territories"
91,41,"Williams PLC - Port Eugenechester Site",Saskatchewan
92,42,"Novak and Sons - Robertsfurt Site","Yukon Territory"
93,42,"Novak and Sons - South Christopherview Site","Northwest Territories"
94,42,"Novak and Sons - Port Richardhaven Site",Alberta
95,43,"Russell Group - Gutierrezborough Site",Ontario
96,43,"Russell Group - Cindyfort Site",Quebec
97,44,"Hancock Inc - Wolfborough Site","Newfoundland and Labrador"
98,44,"Hancock Inc - West Samuel Site",Saskatchewan
99,44,"Hancock Inc - Martinezbury Site",Saskatchewan
100,45,"Gray Group - West Andrea Site",Ontario
101,45,"Gray Group - Davisville Site",Nunavut
102,45,"Gray Group - Lake Marilynfort Site",Saskatchewan
103,46,"House-Glover - Williamview Site","Nova Scotia"
104,47,"Henderson-Bernard - Bairdbury Site",Nunavut
105,47,"Henderson-Bernard - South James Site","Prince Edward Island"
106,47,"Henderson-Bernard - Port Chad Site","Yukon Territory"
107,48,"Stanley, Tucker and Lee - Morganhaven Site","Newfoundland and Labrador"
108,48,"Stanley, Tucker and Lee - West Jessicashire Site","Prince Edward Island"
109,48,"Stanley, Tucker and Lee - Grimesmouth Site",Ontario
110,49,"Novak PLC - Reedside Site","Yukon Territory"
111,49,"Novak PLC - Gibsonmouth Site","New Brunswick"
112,50,"Daniels, Adkins and Brown - New Patrick Site","Yukon Territory"
113,50,"Daniels, Adkins and Brown - Williamsfort Site",Saskatchewan
114,51,"Woods, Calhoun and Schmidt - Hughesberg Site",Nunavut
115,51,"Woods, Calhoun and Schmidt - East Wayneshire Site","Northwest Territories"
116,51,"Woods, Calhoun and Schmidt - Port Meganville Site",Ontario
117,52,"Yu Inc - Smithberg Site","Nova Scotia"
118,53,"Jones Inc - North Terrance Site","Newfoundland and Labrador"
119,53,"Jones Inc - Cindyfurt Site",Quebec
120,54,"Hensley, Powell and David - Port Markside Site","Nova Scotia"
121,54,"Hensley, Powell and David - Courtneyfort Site",Ontario
122,55,"Sanchez, Wheeler and Harvey - New Caseyport Site","New Brunswick"
123,56,"Sandoval-Cunningham - South Tiffanyville Site",Nunavut
124,56,"Sandoval-Cunningham - Lake Kevin Site",Alberta
125,57,"Donovan-Harris - West Lauraport Site","Northwest Territories"
126,57,"Donovan-Harris - Ryanbury Site",Ontario
127,57,"Donovan-Harris - Knightburgh Site",Manitoba
128,58,"Edwards, Baker and Anderson - North Chelsea Site","Nova Scotia"
129,58,"Edwards, Baker and Anderson - South Roberta Site",Manitoba
130,58,"Edwards, Baker and Anderson - South Dana Site",Nunavut
131,59,"Evans, Stewart and Walton - Elizabethmouth Site","Newfoundland and Labrador"
132,59,"Evans, Stewart and Walton - North Scott Site","Northwest Territories"
133,59,"Evans, Stewart and Walton - Daniellechester Site",Saskatchewan
134,60,"Smith PLC - Stephenport Site","New Brunswick"
135,60,"Smith PLC - Castanedaville Site","New Brunswick"
136,61,"Ferrell, Jones and Lewis - Armstrongshire Site","Newfoundland and Labrador"
137,61,"Ferrell, Jones and Lewis - Andrewfurt Site","Newfoundland and Labrador"
138,62,"Anderson-Bailey - New Michelleton Site","Prince Edward Island"
139,62,"Anderson-Bailey - Wallport Site","Yukon Territory"
140,63,"Suarez LLC - New Laurie Site","New Brunswick"
141,63,"Suarez LLC - New John Site","Yukon Territory"
142,64,"Moore-Bass - Lake Colton Site",Quebec
143,64,"Moore-Bass - West Kristinaton Site","Prince Edward Island"
144,64,"Moore-Bass - Jessicaland Site","Newfoundland and Labrador"
145,65,"Turner, Riggs and Roman - Julieburgh Site","New Brunswick"
146,66,"Smith, Montoya and Evans - Port Amber Site","Northwest Territories"
147,66,"Smith, Montoya and Evans - Mariaview Site",Nunavut
148,66,"Smith, Montoya and Evans - Juliemouth Site","Yukon Territory"
149,67,"Garcia, Humphrey and Baker - South Sydneyberg Site","Yukon Territory"
150,67,"Garcia, Humphrey and Baker - Port Erica Site",Quebec
151,68,"Newton and Sons - Coffeyside Site","Northwest Territories"
152,68,"Newton and Sons - Port Ralphview Site",Ontario
153,68,"Newton and Sons - South Miguelview Site","Prince Edward Island"
154,69,"Campbell-Clark - Carsonstad Site","British Columbia"
155,70,"Harris-Walters - South Angel Site",Ontario
156,70,"Harris-Walters - Rosebury Site",Quebec
157,70,"Harris-Walters - Lake Madisonport Site",Quebec
158,71,"Wagner-King - Wilsonton Site",Alberta
159,72,"Davis Group - Wendyville Site","British Columbia"
160,72,"Davis Group - New Derek Site",Nunavut
161,73,"Williams-Cook - Ellenside Site","Nova Scotia"
162,73,"Williams-Cook - South Diana Site",Nunavut
163,73,"Williams-Cook - Crosbyview Site",Alberta
164,74,"Walsh LLC - Jeffmouth Site","New Brunswick"
165,74,"Walsh LLC - Corystad Site",Ontario
166,74,"Walsh LLC - Bruceview Site","New Brunswick"
167,75,"Figueroa PLC - Port Madisonland Site",Quebec
168,75,"Figueroa PLC - Lake Danielle Site",Alberta
169,75,"Figueroa PLC - Port Matthewberg Site","Yukon Territory"
170,76,"Patterson, Smith and Jones - North Maria Site",Ontario
171,76,"Patterson, Smith and Jones - New Jason Site","New Brunswick"
172,76,"Patterson, Smith and Jones - Kimtown Site","Newfoundland and Labrador"
173,77,"Mckee, Gardner and Davenport - East Amber Site","Yukon Territory"
174,77,"Mckee, Gardner and Davenport - North Donna Site",Alberta
175,78,"Tran, Jordan and Williams - North Michael Site","Yukon Territory"
176,79,"Nolan-Flynn - New Mario Site",Manitoba
177,80,"Nolan and Sons - Brianchester Site",Ontario
178,80,"Nolan and Sons - Lake Brycemouth Site","Yukon Territory"
179,80,"Nolan and Sons - Williamville Site",Nunavut
180,81,"Wright, Garcia and Deleon - New Bradley Site","Yukon Territory"
181,81,"Wright, Garcia and Deleon - Stephentown Site",Alberta
182,82,"Dickson-Brady - Boonechester Site",Quebec
183,83,"Hancock and Sons - South Jennifermouth Site","British Columbia"
184,84,"Johnson-Doyle - West Charleneland Site",Manitoba
185,85,"Patton-Jenkins - Claudiashire Site",Ontario
186,86,"Shields, Cochran and Adams - Oscarhaven Site","Newfoundland and Labrador"
187,87,"Rodriguez, Brennan and Garrison - Wagnerchester Site","British Columbia"
188,88,"Gonzalez Group - Port Dianaside Site",Saskatchewan
189,88,"Gonzalez Group - South Shannon Site","New Brunswick"
190,89,"Torres-Pope - Morganmouth Site","Nova Scotia"
191,89,"Torres-Pope - Blairmouth Site","Nova Scotia"
192,89,"Torres-Pope - Elizabethstad Site",Manitoba
193,90,"Walker Ltd - Jonesland Site","British Columbia"
194,91,"Ross LLC - Davisstad Site","Yukon Territory"
195,91,"Ross LLC - New Brian Site",Ontario
196,92,"Rasmussen LLC - Elizabethchester Site","Northwest Territories"
197,92,"Rasmussen LLC - Parrishton Site","Newfoundland and Labrador"
198,93,"May-Ross - Michaelshire Site",Ontario
199,93,"May-Ross - East Diane Site","New Brunswick"
200,93,"May-Ross - West Meganstad Site","British Columbia"
201,94,"Rivera, Johnson and Wiley - Audreychester Site",Ontario
202,94,"Rivera, Johnson and Wiley - New Sarahview Site",Alberta
203,94,"Rivera, Johnson and Wiley - West Jacqueline Site","Newfoundland and Labrador"
204,95,"White-Estes - Michaelburgh Site",Manitoba
205,96,"Johnson-Carlson - Jonestown Site","British Columbia"
206,96,"Johnson-Carlson - South Robert Site","Northwest Territories"
207,96,"Johnson-Carlson - West Larry Site","Northwest Territories"
208,97,"Chandler-Edwards - North Ericton Site",Quebec
209,97,"Chandler-Edwards - West Scottchester Site",Nunavut
210,97,"Chandler-Edwards - Perryborough Site","Yukon Territory"
211,98,"Joyce, Wilson and Lam - West Russellport Site",Quebec
212,98,"Joyce, Wilson and Lam - Roseport Site",Alberta
213,99,"Scott Ltd - South Tracey Site",Alberta
214,99,"Scott Ltd - East Kevinborough Site","Yukon Territory"
215,100,"Smith-Frost - Port Jonathan Site","Northwest Territories"
216,100,"Smith-Frost - North Tylerchester Site",Manitoba
217,101,"Mcdaniel, Bentley and Mclaughlin - South Amanda Site","New Brunswick"
218,102,"Diaz Inc - Charleston Site","Nova Scotia"
219,103,"Mccall, Hanson and Alvarado - South Samanthamouth Site","Prince Edward Island"
220,103,"Mccall, Hanson and Alvarado - Berrychester Site","Newfoundland and Labrador"
221,103,"Mccall, Hanson and Alvarado - South Andrewmouth Site",Manitoba
222,104,"Cortez LLC - Collierstad Site","British Columbia"
223,104,"Cortez LLC - Richardbury Site","Nova Scotia"
224,104,"Cortez LLC - Warrenfurt Site","Newfoundland and Labrador"
225,105,"Parker, Ortiz and Powell - Jeffreyburgh Site","British Columbia"
226,106,"Spencer-Lee - New Williamstad Site","Northwest Territories"
227,107,"Bentley, Byrd and Orr - East Curtis Site","Newfoundland and Labrador"
228,107,"Bentley, Byrd and Orr - East Carrie Site","Yukon Territory"
229,108,"Carroll, Sullivan and Bass - East Stephaniefort Site",Nunavut
230,109,"Mitchell-Jordan - Maldonadoshire Site",Quebec
231,110,"Lawson, Morris and Ramos - Michellemouth Site",Manitoba
232,110,"Lawson, Morris and Ramos - Jonesmouth Site",Quebec
233,110,"Lawson, Morris and Ramos - Laurashire Site",Alberta
234,111,"Lewis, Kennedy and Santana - Williamport Site",Nunavut
235,111,"Lewis, Kennedy and Santana - Johnsonstad Site","Newfoundland and Labrador"
236,111,"Lewis, Kennedy and Santana - Lake Michelleland Site","Prince Edward Island"
237,112,"Jackson, Miller and Robertson - Fordside Site","Yukon Territory"
238,112,"Jackson, Miller and Robertson - South Reginashire Site",Quebec
239,113,"Harvey, Davis and Crane - West Cassidy Site",Ontario
240,114,"Chambers and Sons - North Shannon Site","Yukon Territory"
241,114,"Chambers and Sons - Toniland Site",Ontario
242,114,"Chambers and Sons - North John Site",Nunavut
243,115,"Hernandez Inc - Warrenburgh Site","Northwest Territories"
244,116,"Riggs PLC - Samanthafurt Site","Nova Scotia"
245,117,"Gibson Ltd - Erikaton Site","Yukon Territory"
246,117,"Gibson Ltd - Cameronville Site",Ontario
247,118,"Lee, Horton and Snyder - Mitchellberg Site","Northwest Territories"
248,119,"Hernandez Ltd - New Elizabethstad Site","Newfoundland and Labrador"
249,119,"Hernandez Ltd - Andersonland Site","Newfoundland and Labrador"
250,120,"Stafford Inc - Schneidermouth Site",Manitoba
251,120,"Stafford Inc - Lake Ellenhaven Site","Northwest Territories"
252,120,"Stafford Inc - West Kyleborough Site","Northwest Territories"
